[
  {
    "title": "chat-app",
    "imageSrc": "projects/project.png",
    "description": "A real-time chat app built with React and Firebase, featuring profile pictures, typing indicators, dark mode, and emoji support.",
    "skills": ["React", "HTML", "Node"],
 "demo": "https://www.example.com",
    "source": "https://www.github.com" 
  },
  {
    "title": "Crime Analysis System",
    "imageSrc": "projects/project.png",
    "description": "A crime analysis system that provides actionable insights and patterns from crime data to support smarter policing and public awareness.",
    "skills": ["React", "Node", "Python(Flask)","JS"],
    "demo": "https://www.example.com",
    "source": "https://www.github.com"
  },
  {
    "title": "Portfolio",
    "imageSrc": "projects/project.png",
    "description": "A personal portfolio website built with React and Vite, showcasing my projects, skills, and achievements with a clean, responsive design.",
    "skills": ["React", "vite", "Node"],
    "demo": "https://www.example.com",
    "source": "https://www.github.com"
  }
]
